"Rank", "Title", "Release", "Distributor", "Genre", "MPAA", "Gross", "Tickets", "Adjusted Gross"
  1,"Harry Potter and the Deathly Hallows: Part II","7/15/2011","Warner Bros.","Adventure","PG-13",  381011219,  47865731,  377660618
  2,"Transformers: Dark of the Moon","6/29/2011","Paramount Pictures","Action","PG-13",  352390543,  44270169,  349291633
  3,"The Twilight Saga: Breaking Dawn, Part 1","11/18/2011","Summit Entertainment","Drama","PG-13",  275530738,  34614414,  273107726
  4,"The Hangover 2","5/26/2011","Warner Bros.","Comedy","R",  254464305,  31967878,  252226557
  5,"Pirates of the Caribbean: On Stranger Tides","5/20/2011","Walt Disney Pictures","Adventure","PG-13",  241063875,  30284406,  238943963
  6,"Fast Five","4/29/2011","Universal","Action","PG-13",  209837675,  26361517,  207992369
  7,"Cars 2","6/24/2011","Walt Disney Pictures","Adventure","G",  191450875,  24051617,  189767258
  8,"Thor","5/6/2011","Paramount Pictures","Action","PG-13",  181030624,  22742541,  179438648
  9,"Rise of the Planet of the Apes","8/5/2011","20th Century Fox","Adventure","PG-13",  176760185,  22206053,  175205758
 10,"Captain America: The First Avenger","7/22/2011","Paramount Pictures","Action","PG-13",  176654505,  22192777,  175101011
 11,"The Help","8/10/2011","Walt Disney Pictures","Drama","PG-13",  169499546,  21293913,  168008974
 12,"Bridesmaids","5/13/2011","Universal","Comedy","R",  169106725,  21244563,  167619602
 13,"Kung Fu Panda 2","5/26/2011","Paramount Pictures","Adventure","PG",  165249063,  20759933,  163795871
 14,"X-Men: First Class","6/3/2011","20th Century Fox","Action","PG-13",  146408305,  18393003,  145120794
 15,"Puss in Boots","10/28/2011","Paramount Pictures","Adventure","PG",  145483661,  18276842,  144204283
 16,"Rio","4/15/2011","20th Century Fox","Adventure","PG",  143619809,  18042690,  142356824
 17,"The Smurfs","7/29/2011","Sony Pictures","Adventure","PG",  142614158,  17916352,  141360017
 18,"Mission: Impossible - Ghost Protocol","12/16/2011","Paramount Pictures","Action","PG-13",  132406086,  16633930,  131241708
 19,"Sherlock Holmes: A Game of Shadows","12/16/2011","Warner Bros.","Action","PG-13",  130903746,  16445194,  129752581
 20,"Super 8","6/10/2011","Paramount Pictures","Thriller/Suspense","PG-13",  127004179,  15955299,  125887309
 21,"Rango","3/4/2011","Paramount Pictures","Adventure","PG",  123257581,  15484621,  122173660
 22,"Horrible Bosses","7/8/2011","Warner Bros.","Comedy","R",  117538559,  14766151,  116504931
 23,"Green Lantern","6/17/2011","Warner Bros.","Action","PG-13",  116601172,  14648388,  115575781
 24,"The King's Speech","11/26/2010","Weinstein Co.","Drama","R",  115865048,  14555911,  114846138
 25,"The Lion King","6/15/1994","Walt Disney Pictures","Adventure","G",  109946967,  13812433,  108980096
 26,"Hop","4/1/2011","Universal","Comedy","PG",  108085305,  13578556,  107134807
 27,"Paranormal Activity 3","10/21/2011","Paramount Pictures","Horror","R",  103993239,  13064477,  103078724
 28,"Just Go With It","2/11/2011","Sony Pictures","Romantic Comedy","PG-13",  103028109,  12943230,  102122085
 29,"Bad Teacher","6/24/2011","Sony Pictures","Comedy","R",  100292856,  12599605,  99410883
 30,"Cowboys and Aliens","7/29/2011","Universal","Action","PG-13",  100240551,  12593034,  99359038
 31,"Gnomeo and Juliet","2/11/2011","Walt Disney Pictures","Comedy","G",  99967670,  12558753,  99088561
 32,"The Green Hornet","1/14/2011","Sony Pictures","Action","PG-13",  98780042,  12409553,  97911373
 33,"Alvin and the Chipmunks: Chipwrecked","12/16/2011","20th Century Fox","Comedy","G",  92729134,  11649389,  91913679
 34,"Real Steel","10/7/2011","Walt Disney Pictures","Action","PG-13",  84493241,  10614729,  83750212
 35,"True Grit","12/22/2010","Paramount Pictures","Western","PG-13",  84379946,  10600496,  83637913
 36,"Crazy, Stupid, Love","7/29/2011","Warner Bros.","Comedy","PG-13",  84351197,  10596884,  83609415
 37,"Battle: Los Angeles","3/11/2011","Sony Pictures","Action","PG-13",  83552429,  10496536,  82817669
 38,"Immortals","11/11/2011","Relativity","Action","R",  82656999,  10384045,  81930115
 39,"The Muppets","11/23/2011","Walt Disney Pictures","Comedy","PG",  82529452,  10368022,  81803694
 40,"Zookeeper","7/8/2011","Sony Pictures","Romantic Comedy","PG",  80360866,  10095586,  79654174
 41,"Limitless","3/18/2011","Relativity","Thriller/Suspense","PG",  79249455,  9955962,  78552540
 42,"Tower Heist","11/4/2011","Universal","Comedy","PG-13",  76733915,  9639939,  76059119
 43,"Contagion","9/9/2011","Warner Bros.","Thriller/Suspense","PG-13",  75658097,  9504786,  74992762
 44,"Moneyball","9/23/2011","Sony Pictures","Drama","PG-13",  74961642,  9417292,  74302434
 45,"Justin Bieber: Never Say Never","2/9/2011","Paramount Pictures","Concert/Performance","G",  73013910,  9172602,  72371830
 46,"Dolphin Tale","9/23/2011","Warner Bros.","Drama","PG",  71963792,  9040677,  71330942
 47,"Jack and Jill","11/11/2011","Sony Pictures","Comedy","PG",  71697648,  9007242,  71067139
 48,"No Strings Attached","1/21/2011","Paramount Pictures","Romantic Comedy","R",  70662220,  8877163,  70040816
 49,"Mr. Poppers's Penguins","6/17/2011","20th Century Fox","Adventure","PG",  68224452,  8570911,  67624488
 50,"Unknown","2/18/2011","Warner Bros.","Thriller/Suspense","PG-13",  63686397,  8000804,  63126344
 51,"The Adjustment Bureau","3/4/2011","Universal","Thriller/Suspense","PG-13",  62495645,  7851212,  61946063
 52,"Happy Feet Two","11/18/2011","Warner Bros.","Adventure","PG",  60808168,  7639217,  60273422
 53,"Black Swan","12/3/2010","Fox Searchlight","Thriller/Suspense","R",  59146887,  7430513,  58626748
 54,"Water for Elephants","4/22/2011","20th Century Fox","Drama","PG-13",  58709717,  7375593,  58193429
 55,"The Lincoln Lawyer","3/18/2011","Lionsgate","Thriller/Suspense","R",  58009200,  7287588,  57499069
 56,"Midnight in Paris","5/20/2011","Sony Pictures Classics","Romantic Comedy","PG-13",  56377732,  7082630,  55881951
 57,"Friends with Benefits","7/22/2011","Sony Pictures","Romantic Comedy","R",  55802754,  7010396,  55312024
 58,"The Girl with the Dragon Tattoo","12/21/2011","Sony Pictures","Thriller/Suspense","R",  55584881,  6983025,  55096067
 59,"I am Number Four","2/18/2011","Walt Disney Pictures","Adventure","PG-13",  55100437,  6922165,  54615882
 60,"Source Code","4/1/2011","Summit Entertainment","Thriller/Suspense","PG-13",  54712227,  6873395,  54231087
 61,"Insidious","4/1/2011","FilmDistrict","Horror","R",  54009150,  6785069,  53534194
 62,"Madea's Big Happy Family","4/22/2011","Lionsgate","Drama","PG-13",  53345287,  6701669,  52876168
 63,"Diary of a Wimpy Kid: Rodrick Rules","3/25/2011","20th Century Fox","Comedy","PG",  52698535,  6620419,  52235106
 64,"Footloose","10/14/2011","Paramount Pictures","Musical","PG-13",  51645004,  6488066,  51190841
 65,"Hugo","11/23/2011","Paramount Pictures","Adventure","?",  49454202,  6212839,  49019300
 66,"The Dilemma","1/14/2011","Universal","Comedy","PG-13",  48475290,  6089861,  48049003
 67,"The Adventures of Tintin","12/21/2011","Paramount Pictures","Adventure","PG",  47475147,  5964214,  47057648
 68,"The Fighter","12/10/2010","Paramount Pictures","Drama","R",  47228156,  5933185,  46812830
 69,"New Year's Eve","12/9/2011","Warner Bros.","Romantic Comedy","PG-13",  45999350,  5778813,  45594835
 70,"Little Fockers","12/22/2010","Universal","Comedy","PG-13",  45862410,  5761609,  45459095
 71,"Arthur Christmas","11/23/2011","Sony Pictures","Adventure","PG",  45820235,  5756311,  45417294
 72,"Hall Pass","2/25/2011","Warner Bros.","Comedy","R",  45060734,  5660896,  44664469
 73,"Soul Surfer","4/8/2011","Sony Pictures","Drama","PG",  43853424,  5509224,  43467777
 74,"Final Destination 5","8/12/2011","Warner Bros.","Horror","R",  42587643,  5350206,  42213125
 75,"The Ides of March","10/7/2011","Sony Pictures","Drama","R",  40825612,  5128846,  40466595
 76,"Tron: Legacy","12/17/2010","Walt Disney Pictures","Adventure","PG",  40757919,  5120342,  40399498
 77,"We Bought a Zoo","12/23/2011","20th Century Fox","Drama","PG",  40725558,  5116276,  40367418
 78,"War Horse","12/25/2011","Walt Disney Pictures","Drama","PG-13",  40451772,  5081881,  40096041
 79,"Hanna","4/8/2011","Focus Features","Drama","PG-13",  40259119,  5057678,  39905079
 80,"The Descendants","11/16/2011","Fox Searchlight","Drama","R",  39420775,  4952359,  39074113
 81,"Something Borrowed","5/6/2011","Warner Bros.","Romantic Comedy","PG-13",  39046489,  4905338,  38703117
 82,"Spy Kids: All the Time in the World","8/19/2011","Weinstein/Dimension","Adventure","PG",  38536376,  4841253,  38197486
 83,"Scream 4","4/15/2011","Weinstein/Dimension","Horror","R",  38180928,  4796599,  37845166
 84,"Big Mommas: Like Father, Like Son","2/18/2011","20th Century Fox","Comedy","PG-13",  37915414,  4763243,  37581987
 85,"Red Riding Hood","3/11/2011","Warner Bros.","Thriller/Suspense","PG-13",  37662162,  4731427,  37330959
 86,"Paul","3/18/2011","Universal","Comedy","R",  37412945,  4700119,  37083939
 87,"The Roommate","2/4/2011","Sony Pictures","Thriller/Suspense","PG-13",  37300107,  4685943,  36972090
 88,"Jumping the Broom","5/6/2011","Sony Pictures","Romantic Comedy","PG-13",  37295394,  4685351,  36967419
 89,"The Change-Up","8/5/2011","Universal","Comedy","R",  37081475,  4658477,  36755384
 90,"30 Minutes or Less","8/12/2011","Sony Pictures","Comedy","R",  37053924,  4655016,  36728076
 91,"In Time","10/28/2011","20th Century Fox","Thriller/Suspense","PG-13",  37046295,  4654057,  36720510
 92,"Colombiana","8/26/2011","Sony Pictures","Thriller/Suspense","PG-13",  36665854,  4606263,  36343415
 93,"J. Edgar","11/9/2011","Warner Bros.","Drama","R",  36572605,  4594548,  36250984
 94,"Sucker Punch","3/25/2011","Warner Bros.","Action","R",  36392502,  4571922,  36072465
 95,"Larry Crowne","7/1/2011","Universal","Romantic Comedy","PG-13",  35608245,  4473398,  35295110
 96,"50/50","9/30/2011","Summit Entertainment","Black Comedy","?",  35014192,  4398768,  34706280
 97,"A Very Harold & Kumar 3D Christmas","11/4/2011","Warner Bros.","Comedy","R",  34895036,  4383798,  34588166
 98,"Drive","9/16/2011","FilmDistrict","Action","R",  34833047,  4376011,  34526727
 99,"Yogi Bear 3D","12/17/2010","Warner Bros.","Adventure","PG",  34490675,  4332999,  34187362
100,"Courageous","9/30/2011","Sony Pictures","Drama","PG-13",  34035920,  4275869,  33736606
101,"The Rite","1/28/2011","Warner Bros.","Horror","PG-13",  33047633,  4151713,  32757016
102,"Arthur","4/8/2011","Warner Bros.","Comedy","PG-13",  33035397,  4150176,  32744889
103,"Tangled","11/24/2010","Walt Disney Pictures","Adventure","PG",  32999950,  4145722,  32709747
104,"The Debt","8/31/2011","Focus Features","Thriller/Suspense","R",  31177548,  3916777,  30903371
105,"Priest in 3D","5/13/2011","Sony Pictures","Horror","PG-13",  29136626,  3660380,  28880398
106,"The Mechanic","1/28/2011","CBS Films","Action","R",  29121498,  3658480,  28865407
107,"Abduction","9/23/2011","Lionsgate","Thriller/Suspense","PG-13",  28087155,  3528537,  27840157
108,"Beastly","3/4/2011","CBS Films","Drama","PG-13",  27865571,  3500700,  27620523
109,"Winnie the Pooh","7/15/2011","Walt Disney Pictures","Adventure","G",  26692846,  3353373,  26458113
110,"The Sitter","12/9/2011","20th Century Fox","Comedy","R",  26317857,  3306263,  26086415
111,"Killer Elite","9/23/2011","Open Road","Action","R",  25124986,  3156405,  24904035
112,"Season of the Witch","1/7/2011","Relativity","Thriller/Suspense","PG-13",  24827228,  3118998,  24608894
113,"Our Idiot Brother","8/26/2011","Weinstein Co.","Comedy","R",  24814830,  3117441,  24596609
114,"Don't Be Afraid of the Dark","8/26/2011","FilmDistrict","Horror","R",  24046682,  3020940,  23835217
115,"Sanctum","2/4/2011","Universal","Adventure","R",  23209310,  2915742,  23005204
116,"Monte Carlo","7/1/2011","20th Century Fox","Romantic Comedy","PG",  23186769,  2912911,  22982868
117,"Your Highness","4/8/2011","Universal","Comedy","R",  21596445,  2713121,  21406525
118,"Mars Needs Moms","3/11/2011","Walt Disney Pictures","Adventure","PG",  21392758,  2687532,  21204627
119,"Dream House","9/30/2011","Universal","Horror","PG-13",  21302340,  2676173,  21115005
120,"Conan the Barbarian 3D","8/19/2011","Lionsgate","Action","R",  21295021,  2675254,  21107754
121,"The Three Musketeers 3D","10/21/2011","Summit Entertainment","Adventure","PG-13",  20374484,  2559609,  20195315
122,"Country Strong","12/22/2010","Sony Pictures","Drama","PG-13",  20099179,  2525022,  19922424
123,"The Eagle","2/11/2011","Focus Features","Action","PG-13",  19490041,  2448498,  19318649
124,"Shark Night 3D","9/2/2011","Relativity","Horror","PG-13",  18877153,  2371502,  18711151
125,"Fright Night","8/19/2011","Walt Disney Pictures","Horror","R",  18298649,  2298825,  18137729
126,"Apollo 18","9/2/2011","Weinstein Co.","Thriller/Suspense","PG-13",  17686929,  2221976,  17531391
127,"The Chronicles of Narnia: The Voyage of the Dawn Treader","12/10/2010","20th Century Fox","Adventure","PG",  17460553,  2193537,  17307007
128,"The Thing","10/14/2011","Universal","Horror","R",  16928670,  2126717,  16779797
129,"African Cats","4/22/2011","Walt Disney Pictures","Documentary","G",  15428747,  1938285,  15293069
130,"Gulliver's Travels","12/22/2010","20th Century Fox","Comedy","PG",  15324755,  1925220,  15189986
131,"Born to be Wild 3D","4/8/2011","Warner Bros.","Documentary","G",  15147629,  1902968,  15014418
132,"Judy Moody and the Not Bummer Summer","6/10/2011","Relativity","Adventure","PG",  15013650,  1886137,  14881621
133,"What's Your Number?","9/30/2011","20th Century Fox","Romantic Comedy","R",  14011084,  1760186,  13887868
134,"One Day","8/19/2011","Focus Features","Drama","PG-13",  13843771,  1739167,  13722028
135,"Warrior","9/9/2011","Lionsgate","Action","PG-13",  13657115,  1715718,  13537015
136,"The Tree of Life","5/27/2011","Fox Searchlight","Drama","PG-13",  13305665,  1671566,  13188656
137,"The Darkest Hour","12/25/2011","Summit Entertainment","Action","PG-13",  13137963,  1650498,  13022429
138,"The Rum Diary","10/28/2011","FilmDistrict","Drama","R",  13109815,  1646962,  12994530
139,"The Tourist","12/10/2010","Sony Pictures","Thriller/Suspense","PG-13",  12997966,  1632910,  12883660
140,"Young Adult","12/9/2011","Paramount Pictures","Comedy","R",  12061771,  1515298,  11955701
141,"Glee: The 3D Concert Movie","8/12/2011","20th Century Fox","Concert/Performance","PG",  11862398,  1490251,  11758080
142,"The Conspirator","4/15/2011","Roadside Attractions","Drama","PG-13",  11538204,  1449523,  11436736
143,"Harry Potter and the Deathly Hallows: Part I","11/19/2010","Warner Bros.","Adventure","PG-13",  11467855,  1440685,  11367005
144,"Jane Eyre","3/11/2011","Focus Features","Drama","PG-13",  11242660,  1412394,  11143789
145,"Drive Angry","2/25/2011","Summit Entertainment","Action","R",  10721033,  1346863,  10626749
146,"Straw Dogs","9/16/2011","Sony Pictures","Thriller/Suspense","R",  10324441,  1297040,  10233646
147,"Hubble 3D","3/19/2010","Warner Bros.","Documentary","G",  10312700,  1295565,  10222008
148,"Win Win","3/18/2011","Fox Searchlight","Drama","R",  10179275,  1278803,  10089756
149,"Hoodwinked 2: Hood vs. Evil","4/29/2011","Weinstein Co.","Adventure","PG",  10143779,  1274344,  10054574
150,"Prom","4/29/2011","Walt Disney Pictures","Comedy","PG",  10130219,  1272641,  10041137
151,"I Don't Know How She Does It","9/16/2011","Weinstein Co.","Comedy","PG-13",  9659074,  1213452,  9574136
152,"Blue Valentine","12/29/2010","Weinstein Co.","Drama","NC-17",  9446285,  1186719,  9363213
153,"My Week with Marilyn","11/23/2011","Weinstein Co.","Drama","R",  8935721,  1122578,  8857140
154,"Johnny English Reborn","10/21/2011","Universal","Comedy","PG",  8305970,  1043464,  8232931
155,"127 Hours","11/5/2010","Fox Searchlight","Drama","R",  7900795,  992562,  7831314
156,"Kevin Hart: Laugh at My Pain","9/9/2011","Codeblack Entertainment","Concert/Performance","R",  7706436,  968145,  7638664
157,"Elle s'appelait Sarah","7/22/2011","Weinstein Co.","Drama","PG",  7691700,  966294,  7624060
158,"The Big Year","10/14/2011","20th Century Fox","Comedy","PG",  7204138,  905042,  7140781
159,"Resident Evil: Afterlife 3D","9/10/2010","Sony Pictures","Horror","R",  6945226,  872516,  6884151
160,"Take Me Home Tonight","3/4/2011","Relativity","Comedy","?",  6928068,  870360,  6867140
161,"Invictus","12/11/2009","Warner Bros.","Drama","PG-13",  6904919,  867452,  6844196
162,"Cedar Rapids","2/11/2011","Fox Searchlight","Comedy","R",  6861102,  861947,  6800762
163,"Beginners","6/3/2011","Focus Features","Drama","R",  5790894,  727499,  5739967
164,"The Guard","7/29/2011","Sony Pictures Classics","Comedy","R",  5336144,  670370,  5289219
165,"Cave of Forgotten Dreams","4/29/2011","IFC Films","Documentary","G",  5247347,  659214,  5201198
166,"Margin Call","10/21/2011","Roadside Attractions","Thriller/Suspense","R",  5245655,  659002,  5199526
167,"How Do You Know?","12/17/2010","Sony Pictures","Romantic Comedy","R",  5171726,  649714,  5126243
168,"The Artist","11/25/2011","Weinstein Co.","Drama","PG-13",  5044344,  633712,  4999988
169,"Biutiful","12/29/2010","Roadside Attractions","Drama","R",  5036565,  632734,  4992271
170,"Under the Sea 3-D","2/13/2009","Warner Bros.","Documentary","G",  5030172,  631931,  4985936
171,"Atlas Shrugged: Part 1","4/15/2011","Rocky Mountain Pictures","Drama","PG-13",  4752353,  597029,  4710559
172,"Anonymous","10/28/2011","Sony Pictures","Thriller/Suspense","PG-13",  4463292,  560715,  4424041
173,"The Company Men","1/21/2011","Weinstein Co.","Drama","R",  4444612,  558368,  4405524
174,"Seven Days In Utopia","9/2/2011","Visio Entertainment","Drama","G",  4367448,  548674,  4329038
175,"Megamind","11/5/2010","Paramount Pictures","Adventure","PG",  4223835,  530633,  4186694
176,"The Way","10/7/2011","Producer's Distribution Agency","Drama","PG-13",  4170058,  523877,  4133390
177,"Buck","6/17/2011","IFC Films","Documentary","PG",  4023123,  505417,  3987740
178,"Tinker Tailor Soldier Spy","12/9/2011","Focus Features","Thriller/Suspense","R",  3955734,  496952,  3920951
179,"Des Hommes et Des Dieux","2/25/2011","Sony Pictures Classics","Drama","R",  3954651,  496815,  3919870
180,"The Social Network","10/1/2010","Sony Pictures","Drama","PG-13",  3740668,  469933,  3707771
181,"Starbuck","7/29/2011","?","Comedy","?",  3450087,  433428,  3419747
182,"Like Crazy","10/28/2011","Paramount Pictures","Drama","PG-13",  3367998,  423115,  3338377
183,"Le sens de l'humour","7/6/2011","Alliance","Comedy","?",  3179193,  399396,  3151234
184,"Don 2","12/22/2011","Reliance Big","Action","?",  3174426,  398797,  3146508
185,"Zindagi Na Milegi Dobara","7/15/2011","Eros Entertainment","Drama","?",  3103656,  389907,  3076366
186,"La piel que habito","10/14/2011","Sony Pictures Classics","Drama","R",  3042108,  382174,  3015353
187,"Another Year","12/29/2010","Sony Pictures Classics","Drama","PG-13",  3041052,  382042,  3014311
188,"From Prada to Nada","1/28/2011","Lionsgate","Romantic Comedy","PG-13",  3033623,  381108,  3006942
189,"Martha Marcy May Marlene","10/21/2011","Fox Searchlight","Thriller/Suspense","R",  2909216,  365479,  2883629
190,"The Way Back","1/21/2011","Newmarket Films","Adventure","PG-13",  2719296,  341620,  2695382
191,"Everything Must Go","5/13/2011","Roadside Attractions","Drama","PG",  2712131,  340720,  2688281
192,"Bucky Larson: Born to Be a Star","9/9/2011","Sony Pictures","Comedy","R",  2529395,  317763,  2507150
193,"Melancholia","11/11/2011","Magnolia Pictures","Thriller/Suspense","R",  2517506,  316270,  2495370
194,"Ra. One","10/28/2011","Eros Entertainment","Action","?",  2509150,  315220,  2487086
195,"The Grace Card","2/25/2011","Samuel Goldwyn Films","Drama","PG-13",  2430735,  305369,  2409361
196,"Space Station","4/19/2002","IMAX Films","Documentary","Not Rated",  2167258,  272269,  2148202
197,"L'illusionniste","12/25/2010","Sony Pictures Classics","Adventure","?",  2107998,  264824,  2089461
198,"Unstoppable","11/12/2010","20th Century Fox","Action","PG-13",  2094456,  263123,  2076040
199,"The Trip","6/10/2011","IFC Films","Comedy","?",  2016345,  253310,  1998616
200,"Shame","12/2/2011","Fox Searchlight","Drama","NC-17",  1965874,  246969,  1948585
201,"Cats & Dogs: The Revenge of Kitty Galore","7/30/2010","Warner Bros.","Comedy","PG",  1953539,  245419,  1936356
202,"The Mighty Macs","10/21/2011","Quaker Media","Drama","G",  1891936,  237680,  1875295
203,"Gerry","6/15/2011","Seville","Drama","?",  1844754,  231753,  1828531
204,"Bodyguard","8/31/2011","Reliance Big","Action","?",  1834384,  230450,  1818251
205,"Rabbit Hole","12/17/2010","Lionsgate","Drama","PG-13",  1793829,  225355,  1778051
206,"A Better Life","6/24/2011","Summit Entertainment","Drama","?",  1759252,  221012,  1743785
207,"Burlesque","11/24/2010","Sony Pictures","Drama","PG-13",  1707094,  214459,  1692082
208,"Take Shelter","9/30/2011","Sony Pictures Classics","Drama","R",  1671202,  209950,  1656506
209,"Potiche","3/25/2011","Music Box Films","Comedy","R",  1618844,  203372,  1604605
210,"Senna","8/12/2011","Universal","Documentary","R",  1612430,  202567,  1598254
211,"I Am","2/18/2011","Paladin","Documentary","?",  1591034,  199879,  1577045
212,"A Dangerous Method","11/23/2011","Sony Pictures Classics","Drama","R",  1576757,  198085,  1562891
213,"Cafe de flore","9/23/2011","Alliance","Drama","?",  1574881,  197849,  1561029
214,"Monsieur Lazhar","10/28/2011","Seville","Drama","PG-13",  1561107,  196119,  1547379
215,"Delhi Belly","7/1/2011","UTV Communications","Comedy","?",  1532594,  192537,  1519117
216,"La doppia ora","4/15/2011","Samuel Goldwyn Films","Thriller/Suspense","?",  1514942,  190319,  1501617
217,"Bill Cunningham New York","3/16/2011","Zeitgeist","Documentary","?",  1510026,  189702,  1496749
218,"Breakaway","9/30/2011","Alliance","Comedy","?",  1481735,  186148,  1468708
219,"The Art of Getting By","6/17/2011","Fox Searchlight","Romantic Comedy","PG-13",  1430241,  179679,  1417667
220,"Salvando al Soldado Perez","9/2/2011","Lionsgate","Action","PG-13",  1400726,  175971,  1388411
221,"The Devil's Double","7/29/2011","Lionsgate","Drama","R",  1361512,  171044,  1349537
222,"Somewhere","12/22/2010","Focus Features","Drama","R",  1352809,  169951,  1340913
223,"2011 Oscar Shorts","2/11/2011","Shorts International","Multiple Genres","?",  1352152,  169868,  1340259
224,"Snow Flower and the Secret Fan","7/15/2011","Fox Searchlight","Drama","PG-13",  1348205,  169372,  1336345
225,"Copie conforme","3/11/2011","IFC Films","Drama","?",  1340615,  168419,  1328826
226,"No Eres Tu, Soy Yo","4/8/2011","Lionsgate","Romantic Comedy","PG-13",  1339911,  168331,  1328132
227,"Another Earth","7/22/2011","Fox Searchlight","Drama","PG-13",  1321194,  165979,  1309574
228,"Due Date","11/5/2010","Warner Bros.","Comedy","R",  1307121,  164211,  1295625
229,"Beats, Rhymes & Life: The Travels of a Tribe Called Quest","7/8/2011","Sony Pictures Classics","Documentary","R",  1200046,  150760,  1189496
230,"Kill the Irishman","3/11/2011","Anchor Bay Entertainment","Drama","R",  1188194,  149271,  1177748
231,"Dylan Dog: Dead of Night","4/29/2011","Omni/Freestyle","Horror","PG-13",  1186538,  149063,  1176107
232,"Sholem Aleichem: Laughing in the Darkness","7/8/2011","International Film Circuit","Documentary","?",  1131261,  142118,  1121311
233,"The Whistleblower","8/5/2011","Samuel Goldwyn Films","Drama","R",  1120914,  140818,  1111054
234,"The Heart Specialist","1/14/2011","Freestyle Releasing","Romantic Comedy","R",  1103037,  138572,  1093333
235,"Love and Other Drugs","11/24/2010","20th Century Fox","Drama","R",  1099917,  138181,  1090248
236,"There Be Dragons","5/6/2011","Samuel Goldwyn Films","Drama","PG-13",  1069334,  134338,  1059927
237,"Page One: Inside the New York Times","6/17/2011","Magnolia Pictures","Documentary","R",  1067028,  134049,  1057647
238,"Desi Boyz","11/25/2011","Eros Entertainment","Comedy","?",  1066167,  133941,  1056794
239,"Red State","3/5/2011","Smodshow Productions","Horror","R",  1065429,  133848,  1056061
240,"Attack the Block","7/29/2011","Sony/Screen Gems","Action","R",  1024175,  128665,  1015167
241,"Haevnen","4/1/2011","Sony Pictures Classics","Drama","R",  1008098,  126645,  999229
242,"Rockstar","11/11/2011","Eros Entertainment","Drama","?",  985912,  123858,  977240
243,"Meek's Cutoff","4/8/2011","Oscilloscope Pictures","Drama","PG",  977772,  122836,  969176
244,"Yamla Pagla Deewana","1/14/2011","Eros Entertainment","Comedy","?",  971240,  122015,  962698
245,"The Beaver","5/6/2011","Summit Entertainment","Comedy","PG-13",  970816,  121962,  962280
246,"Redi","6/3/2011","Eros Entertainment","Comedy","?",  934951,  117456,  926728
247,"I Love You, Phillip Morris","12/3/2010","Roadside Attractions","Comedy","R",  911157,  114467,  903145
248,"Red","10/15/2010","Summit Entertainment","Action","PG-13",  874975,  109921,  867277
249,"Inside Job","10/8/2010","Sony Pictures Classics","Documentary","PG-13",  859817,  108017,  852254
250,"Higher Ground","8/26/2011","Mongrel Media","Drama","R",  841056,  105660,  833657
251,"Sur le rythme","8/10/2011","Seville","Comedy","PG",  833180,  104671,  825854
252,"The Lord of the Rings: The Return of the King","12/17/2003","Warner Bros.","Adventure","PG-13",  818580,  102837,  811384
253,"Casino Jack","12/17/2010","Samuel Goldwyn Films","Thriller/Suspense","R",  808865,  101616,  801750
254,"Jûsan-nin no shikaku","4/29/2011","Magnolia Pictures","Action","R",  802778,  100852,  795722
255,"The Lord of the Rings: The Fellowship of the Ring","12/19/2001","Warner Bros.","Adventure","PG-13",  768580,  96555,  761819
256,"The Lord of the Rings: The Two Towers","12/18/2002","Warner Bros.","Adventure","PG-13",  764607,  96056,  757882
257,"Le hérisson","3/12/2010","NeoClassics Films","Drama","?",  755668,  94933,  749021
258,"Les femmes du 6ème étage","6/3/2011","Strand","Comedy","?",  733294,  92122,  726843
259,"Mausam","9/23/2011","Eros Entertainment","?","?",  725966,  91202,  719584
260,"A bout portant","7/29/2011","Magnolia Pictures","Thriller/Suspense","R",  708215,  88972,  701989
261,"The Polar Express","11/10/2004","Warner Bros.","Adventure","G",  707336,  88861,  701113
262,"Hobo with a Shotgun","5/6/2011","Magnolia Pictures","Action","?",  703372,  88363,  697184
263,"Mozart's Sister","8/19/2011","Music Box Films","Drama","?",  684496,  85992,  678477
264,"Tabloid!","7/15/2011","IFC Films","Documentary","R",  682559,  85749,  676560
265,"Terri","7/1/2011","ATO Pictures","Comedy","R",  655802,  82387,  650033
266,"Aarakshan","8/12/2011","Reliance Big","Drama","?",  651096,  81796,  645370
267,"Secretariat","10/8/2010","Walt Disney Pictures","Drama","PG",  645831,  81135,  640155
268,"Patiala House","2/11/2011","Tachyon","Drama","?",  644010,  80906,  638348
269,"POM Wonderful Presents: The Greatest Movie Ever Sold","4/22/2011","Sony Pictures Classics","Documentary","PG-13",  638476,  80211,  632865
270,"The Last Lions","2/18/2011","National Geographic Entertainment","Documentary","PG",  635325,  79815,  629740
271,"Made in Dagenham","11/19/2010","Sony Pictures Classics","Drama","R",  602990,  75753,  597691
272,"Dhobi Ghat","1/21/2011","UTV Communications","Drama","?",  577485,  72548,  572404
273,"The Future","7/29/2011","Roadside Attractions","Drama","R",  568662,  71440,  563662
274,"Dum Maaro Dum","4/22/2011","Fox Searchlight","Drama","R",  564489,  70916,  559527
275,"Even the Rain","2/18/2011","Vitagraph Films","?","?",  558132,  70117,  553223
276,"Double Dhamaal","6/24/2011","Reliance Big","Comedy","?",  543646,  68297,  538863
277,"Winter in Wartime","3/18/2011","Sony Pictures Classics","Drama","R",  542860,  68198,  538082
278,"Machine Gun Preacher","9/23/2011","Relativity","Drama","R",  538690,  67675,  533956
279,"Crime d'amour","9/2/2011","IFC Films","Thriller/Suspense","?",  538356,  67633,  533624
280,"Le nom des gens","6/24/2011","Music Box Films","Comedy","R",  514237,  64603,  509718
281,"Deep Sea 3-D","3/3/2006","Warner Bros.","Documentary","G",  504147,  63335,  499713
282,"Bride Flight","6/10/2011","Music Box Films","Drama","R",  501360,  62985,  496952
283,"Mere Brother Ki Dulhan","9/9/2011","Yash Raj Films","Romantic Comedy","?",  496172,  62333,  491807
284,"Life as We Know It","10/8/2010","Warner Bros.","Romantic Comedy","PG-13",  488173,  61328,  483878
285,"Joueuse","4/1/2011","Zeitgeist","Romantic Comedy","?",  478710,  60139,  474497
286,"Detective Dee and the Mystery of the Phantom Flame","9/2/2011","Indomina Releasing","Thriller/Suspense","PG-13",  474754,  59642,  470575
287,"Pearl Jam Twenty","9/20/2011","Arts Alliance America","Documentary","?",  471334,  59213,  467191
288,"Weekend","9/23/2011","IFC Films","Drama","?",  469947,  59039,  465818
289,"Submarine","6/3/2011","Weinstein Co.","Comedy","R",  467602,  58744,  463490
290,"Jihne Mera Dil Luteya","7/29/2011","Viva Entertainment","Romantic Comedy","?",  464840,  58397,  460752
291,"Thank You","4/8/2011","UTV Communications","Romantic Comedy","?",  463540,  58234,  459466
292,"Circumstance","8/26/2011","Roadside Attractions","Drama","R",  454121,  57050,  450125
293,"No One Killed Jessica","1/7/2011","UTV Communications","Drama","?",  442036,  55532,  438147
294,"Frisson des Collines","4/15/2011","?","Drama","?",  434589,  54597,  430770
295,"Poema de Salvacion","10/15/2010","CanZion Films","?","PG-13",  422032,  53019,  418320
296,"Fair*Game","11/5/2010","Summit Entertainment","Drama","PG-13",  421935,  53007,  418225
297,"Project Nim","7/8/2011","Roadside Attractions","Documentary","PG-13",  411184,  51656,  407566
298,"The 5th Quarter","3/25/2011","Rocky Mountain Pictures","Drama","PG",  408159,  51276,  404568
299,"Turtle: The Incredible Journey","6/24/2011","Hannover House","Documentary","G",  391942,  49239,  388496
300,"Faster (2009)","11/24/2010","CBS Films","Action","R",  383150,  48134,  379777
301,"Hesher","5/13/2011","Wrekin Hill Entertainment","Comedy","R",  382946,  48109,  379580
302,"Miral","3/25/2011","Weinstein Co.","Drama","PG-13",  377014,  47364,  373702
303,"MOOZ-lum","2/11/2011","Peace Film, LLC","Drama","PG-13",  362239,  45507,  359050
304,"Le Havre","10/21/2011","Janus Films","Drama","?",  358706,  45064,  355555
305,"Shi","2/11/2011","Kino International","Drama","?",  356149,  44742,  353014
306,"Singham","7/22/2011","Reliance Big","Drama","?",  350864,  44078,  347775
307,"Carnage","12/16/2011","Sony Pictures Classics","Drama","R",  348605,  43795,  345543
308,"Arthur et la vengeance de Maltazard","2/25/2011","Alliance","Adventure","PG",  347136,  43610,  344083
309,"La princesse de Montpensier","4/15/2011","IFC Films","Drama","?",  344245,  43247,  341219
310,"The First Grader","5/13/2011","National Geographic Entertainment","Drama","PG-13",  332306,  41747,  329384
311,"Creature","9/9/2011","The Bubble Factory","Horror","R",  327000,  41080,  324121
312,"Bbuddah: Hoga Tera Baap","7/1/2011","?","?","?",  326011,  40956,  323143
313,"Super","4/1/2011","IFC Films","Black Comedy","PG-13",  324138,  40721,  321289
314,"Dharti","4/22/2011","Viva Entertainment","Drama","?",  317505,  39888,  314716
315,"Extremely Loud and Incredibly Close","12/25/2011","Warner Bros.","Drama","PG-13",  313049,  39328,  310298
316,"Despicable Me","7/9/2010","Universal","Comedy","PG",  310760,  39040,  308026
317,"L'Amour Fou","5/13/2011","IFC Films","Documentary","?",  303519,  38131,  300854
318,"Winter's Bone","6/11/2010","Roadside Attractions","Drama","R",  285995,  35929,  283480
319,"Saat Khoon Maaf","2/18/2011","UTV Communications","?","?",  273083,  34307,  270682
320,"The Black Power Mixtape: 1967-1975","9/9/2011","IFC Films","Documentary","?",  268813,  33770,  266445
321,"The Concert","7/23/2010","Weinstein Co.","Drama","PG-13",  268023,  33671,  265664
322,"Conan O'Brien Can't Stop","6/24/2011","Abramorama Films","Documentary","R",  267965,  33664,  265609
323,"Munger Road","9/30/2011","Freestyle Releasing","Thriller/Suspense","PG-13",  266688,  33504,  264347
324,"The Mill and the Cross","9/14/2011","Kino Lorber","Drama","?",  264793,  33265,  262461
325,"Phil Ochs","1/5/2011","First Run Features","Documentary","?",  263723,  33131,  261404
326,"Sea Monsters: A Prehistoric Adventure","10/5/2007","National Geographic Entertainment","Documentary","Not Rated",  262465,  32973,  260157
327,"Rascals","10/7/2011","Eros Entertainment","?","?",  261156,  32809,  258863
328,"The Music Never Stopped","3/18/2011","Roadside Attractions","Drama","PG",  258538,  32480,  256267
329,"All Good Things","12/3/2010","Magnolia Pictures","Drama","R",  258373,  32459,  256102
330,"PASSIONE: A Musical Adventure","6/22/2011","Abramorama Films","Documentary","?",  258222,  32440,  255952
331,"Trolljegeren","6/10/2011","Magnet Pictures","Horror","PG",  253444,  31840,  251218
332,"Life in a Day","7/29/2011","National Geographic Entertainment","Documentary","PG",  252788,  31757,  250563
333,"Morning Glory","11/10/2010","Paramount Pictures","Comedy","PG-13",  251756,  31628,  249545
334,"My Perestroika","3/23/2011","International Film Circuit","Documentary","?",  242706,  30491,  240574
335,"Tanu Weds Manu","2/25/2011","Viva Entertainment","Comedy","?",  240020,  30153,  237907
336,"The Interrupters","7/29/2011","Cinema Guild","Documentary","?",  236957,  29768,  234870
337,"Being Elmo: A Puppeteer's Journey","10/21/2011","Submarine Deluxe","Documentary","PG",  236939,  29766,  234854
338,"Serge Gainsbourg: A Heroic Life","8/31/2011","Music Box Films","Drama","?",  230767,  28991,  228739
339,"Pina","12/23/2011","IFC Films","Documentary","PG",  228992,  28768,  226980
340,"Brighton Rock","8/26/2011","IFC Films","Drama","?",  224631,  28220,  222656
341,"Into the Abyss","11/11/2011","IFC Films","Documentary","PG-13",  223880,  28126,  221914
342,"Tucker & Dale vs. Evil","9/30/2011","Magnet Pictures","Black Comedy","R",  223838,  28120,  221867
343,"Iron Lady","12/30/2011","Weinstein Co.","Drama","PG-13",  220409,  27690,  218474
344,"Happythankyoumoreplease","3/4/2011","Anchor Bay Entertainment","Romantic Comedy","R",  216110,  27149,  214206
345,"The Afflicted","10/21/2011","Nocturnal Features","Horror","?",  212940,  26751,  211065
346,"Ip Man: Legend of the Grand Master","1/28/2011","Variance Films","Action","R",  205675,  25839,  203870
347,"The Wildest Dream","8/6/2010","National Geographic Entertainment","Documentary","PG",  203839,  25608,  202047
348,"Queen of the Sun","9/17/2010","Collective Eye","Documentary","?",  203100,  25515,  201313
349,"Filth to Ashes, Flesh to Dust","9/30/2011","Nocturnal Features","Horror","?",  196147,  24642,  194425
350,"El Bulli: Cooking in Progress","7/27/2011","Alive Mind","Documentary","?",  196127,  24639,  194402
351,"Blackthorn","10/7/2011","Magnolia Pictures","Adventure","R",  186660,  23450,  185021
352,"Bol","8/31/2011","Eros Entertainment","Drama","?",  186410,  23418,  184768
353,"Loong Boonmee raleuk chat","3/4/2011","Strand","Drama","?",  184292,  23152,  182669
354,"JIG","6/17/2011","Screen Media Films","Documentary","PG",  183790,  23089,  182172
355,"Rien a declarer","8/26/2011","?","Comedy","?",  182295,  22901,  180689
356,"Amigo","8/19/2011","Variance Films","Drama","R",  180582,  22686,  178993
357,"Go For It!","5/13/2011","Pantelion Films","Drama","PG-13",  180237,  22643,  178653
358,"American: The Bill Hicks Story","4/8/2011","Variance Films","Documentary","?",  174796,  21959,  173257
359,"Bellflower","8/5/2011","Oscilloscope Pictures","Action","R",  168226,  21134,  166747
360,"The Man Nobody Knew: In Search of My Father, CIA Spymaster William Colby","9/23/2011","First Run Features","Documentary","?",  167149,  20999,  165682
361,"The Greatest Miracle","10/14/2011","?","?","PG",  166573,  20926,  165106
362,"Les amours imaginaires","6/11/2010","IFC Films","Drama","?",  165061,  20736,  163607
363,"The Last Godfather","4/1/2011","Roadside Attractions","Comedy","PG-13",  164247,  20634,  162802
364,"Restless","9/16/2011","Sony Pictures Classics","Drama","PG-13",  163141,  20495,  161706
365,"La Bonheur des autres","10/7/2011","?","Romantic Comedy","?",  162303,  20390,  160877
366,"Pastorela","12/2/2011","Pantelion Films","?","R",  161194,  20251,  159780
367,"A Good Old Fashioned Orgy","9/2/2011","Samuel Goldwyn Films","Comedy","R",  154604,  19423,  153247
368,"Luftslottet som sprängdes","4/30/2010","Music Box Films","Thriller/Suspense","R",  154599,  19422,  153240
369,"Magic Trip","8/5/2011","Magnolia Pictures","Documentary","R",  154521,  19412,  153161
370,"Decisions","5/13/2011","Self Distributed","Drama","R",  153280,  19256,  151930
371,"Le quattro volte","3/30/2011","Lorber Films","Drama","?",  152530,  19162,  151188
372,"3D Sex and Zen: Extreme Ecstasy","8/12/2011","China Lion Film Distribution","Comedy","?",  152365,  19141,  151022
373,"October Baby","11/4/2011","Five & Two Pictures","Drama","PG-13",  151952,  19089,  150612
374,"Jiàn D?ng W?i Yè","6/24/2011","China Lion Film Distribution","Drama","?",  151305,  19008,  149973
375,"Revenge of the Electric Car","10/21/2011","Mongrel Media","Documentary","PG-13",  150886,  18956,  149563
376,"Hanyo","1/21/2011","IFC Films","Thriller/Suspense","?",  149757,  18814,  148442
377,"Gun Hill Road","8/5/2011","Motion Film Group","Drama","R",  148994,  18718,  147685
378,"Thunder Soul","9/23/2011","Roadside Attractions","Documentary","PG",  143986,  18089,  142722
379,"Cold Weather","2/4/2011","IFC Films","Thriller/Suspense","?",  143800,  18065,  142533
380,"Nostalgia de la luz","3/18/2011","Icarus Films","Documentary","?",  142285,  17875,  141034
381,"Dil Toh Baccha Hai Ji","1/28/2011","Viva Entertainment","Comedy","?",  139770,  17559,  138541
382,"Labios Rojos","10/14/2011","?","?","R",  136163,  17106,  134966
383,"Xinhai geming","10/7/2011","Variance Films","Drama","R",  135739,  17053,  134548
384,"Eames: The Architect and the Painter","11/18/2011","First Run Features","Documentary","?",  134225,  16862,  133041
385,"Life, Above All","7/15/2011","Sony Pictures Classics","Drama","PG-13",  134078,  16844,  132899
386,"Game","4/1/2011","Eros Entertainment","Action","?",  132035,  16587,  130871
387,"Akmareul Boatda","3/4/2011","Magnet Pictures","Thriller/Suspense","?",  129210,  16232,  128070
388,"Legend of the Guardians: The Owls of Ga'Hoole 3D","9/24/2010","Warner Bros.","Adventure","PG",  125490,  15765,  124386
389,"The Bang Bang Club","5/6/2011","TriBeca Films","Drama","R",  124791,  15677,  123692
390,"Wo Zhi Nv Ren Xin","2/4/2011","China Lion Film Distribution","Comedy","?",  123527,  15518,  122437
391,"Human Centipede 2: Full Sequence","10/7/2011","IFC Films","Horror","?",  123043,  15458,  121964
392,"The Last Mountain","6/3/2011","Dada Films","Documentary","PG",  122959,  15447,  121877
393,"Nanjing! Nanjing!","5/11/2011","Kino International","Drama","R",  122558,  15397,  121482
394,"Jackass 3D","10/15/2010","Paramount Pictures","Comedy","R",  120275,  15110,  119218
395,"Trust","4/1/2011","Millenium Films","Drama","R",  120016,  15077,  118958
396,"Inni","9/27/2011","Cinema Purgatorio","Concert/Performance","?",  117548,  14767,  116512
397,"Kaboom","1/28/2011","IFC Films","Comedy","?",  116814,  14675,  115786
398,"Blank City","4/6/2011","Insurgent Media","Documentary","?",  116037,  14578,  115020
399,"Vision","10/13/2010","Zeitgeist","Drama","?",  115591,  14521,  114571
400,"35 and Ticking","5/20/2011","Image Entertainment","Romantic Comedy","R",  113804,  14297,  112803
401,"Last Night","5/6/2011","TriBeca Films","Drama","R",  112087,  14081,  111099
402,"Mysteries of Lisbon","8/5/2011","Music Box Films","Thriller/Suspense","?",  110507,  13883,  109537
403,"Tiny Furniture","11/12/2010","IFC Films","Comedy","?",  104967,  13187,  104045
404,"Henry's Crime","4/8/2011","Motion Pictures Film and Television","Comedy","R",  102541,  12882,  101639
405,"Young Goethe in Love","11/4/2011","Music Box Films","Drama","?",  101237,  12718,  100345
406,"Rubber","4/1/2011","Magnet Pictures","Multiple Genres","R",  100370,  12609,  99485
407,"Rejoice and Shout","6/3/2011","Magnolia Pictures","Documentary","PG",  100237,  12593,  99359
408,"The Undefeated","7/15/2011","Cinedigm","Documentary","PG-13",  100085,  12573,  99201
409,"The Double","10/28/2011","Image Entertainment","Thriller/Suspense","PG-13",  99612,  12514,  98735
410,"The Warrior's Way","12/3/2010","Relativity","Western","R",  97039,  12191,  96187
411,"A Little Help","7/22/2011","Freestyle Releasing","Comedy","R",  96868,  12169,  96013
412,"My Dog Tulip","9/1/2010","New Yorker","Drama","?",  95316,  11974,  94475
413,"Paranormal Activity 2","10/22/2010","Paramount Pictures","Horror","R",  92259,  11590,  91445
414,"Evil Bong 3 The Wrath Of Bong!","4/9/2011","Full Moon Features","Comedy","R",  91260,  11465,  90459
415,"Tomboy","11/18/2011","Rocket Releasing","Drama","?",  89753,  11276,  88968
416,"Exporting Raymond","4/29/2011","Samuel Goldwyn Films","Documentary","PG",  87727,  11021,  86956
417,"Vidal Sassoon: The Movie","2/11/2011","Phase 4 Films","Documentary","PG",  85974,  10801,  85220
418,"Carancho","2/11/2011","Strand","Drama","?",  85526,  10744,  84770
419,"Tropa de Elite 2: O Inimigo Agora É Outro","11/11/2011","Variance Films","Action","?",  85503,  10742,  84754
420,"Waste Land","10/29/2010","Arthouse Films","Documentary","?",  85262,  10711,  84510
421,"Pariah","12/28/2011","Focus Features","Drama","R",  84986,  10677,  84242
422,"Der Räuber","2/3/2011","Kino International","Drama","?",  83259,  10460,  82529
423,"Oy Vey! My Son is Gay!","12/24/2010","?","?","PG-13",  81929,  10293,  81212
424,"Inkubus","10/28/2011","Screen Media Films","Horror","R",  81600,  10251,  80880
425,"Su Qi Er","5/13/2011","Indomina Releasing","Action","R",  80096,  10062,  79389
426,"Circo","4/1/2011","First Run Features","Documentary","?",  77466,  9732,  76785
427,"Beautiful Boy","6/3/2011","Anchor Bay Entertainment","Drama","R",  77247,  9704,  76565
428,"Chalo Dilli","4/29/2011","Eros Entertainment","?","?",  72486,  9106,  71846
429,"Kings of Pastry","9/15/2010","First Run Features","Documentary","?",  71904,  9033,  71270
430,"Evidence of a Haunting","8/26/2011","Nocturnal Features","Horror","?",  71834,  9024,  71199
431,"The Tree","7/15/2011","Zeitgeist","Drama","?",  71158,  8939,  70529
432,"Hausu","1/15/2010","Janus Films","?","?",  69650,  8750,  69038
433,"Zhan Guo","4/22/2011","China Lion Film Distribution","?","?",  68961,  8663,  68351
434,"Four Lions","11/5/2010","Drafthouse Films","Black Comedy","R",  67871,  8527,  67278
435,"Puncture","9/23/2011","Millenium Films","Drama","R",  67071,  8426,  66481
436,"Mei Li Ren Sheng","5/20/2011","China Lion Film Distribution","Drama","?",  66171,  8313,  65590
437,"Shaolin","9/9/2011","Variance Films","Action","R",  66099,  8304,  65519
438,"Snowmen","10/21/2011","ARC Entertainment","Drama","PG",  66000,  8291,  65416
439,"Get Low","7/30/2010","Sony Pictures Classics","?","PG-13",  65445,  8222,  64872
440,"Bhutto","12/3/2010","First Run Features","Documentary","?",  65239,  8196,  64666
441,"Co Dau Dai Chien","5/6/2011","Variance Films","?","?",  64572,  8112,  64004
442,"The Human Resources Manager","3/4/2011","Film Movement","Drama","?",  64014,  8042,  63451
443,"Sama Wozu","12/24/2010","GKIDS","Adventure","PG-13",  62559,  7859,  62008
444,"Gekijouban Trigun: Badlands Rumble","7/8/2011","Eleven Arts","Action","?",  62027,  7792,  61479
445,"Queen of the Lot","11/19/2010","Rainbow Releasing","Drama","R",  61908,  7777,  61361
446,"If A Tree Falls: The Story of the Earth Liberation Front","6/22/2011","Oscilloscope Pictures","Drama","?",  61794,  7763,  61250
447,"Viva Riva!","6/10/2011","Music Box Films","Thriller/Suspense","R",  61759,  7759,  61219
448,"Une vie qui commence","1/21/2011","Alliance Vivafilm","Drama","?",  61337,  7706,  60800
449,"How to Live Forever","5/13/2011","Variance Films","Documentary","?",  60630,  7617,  60098
450,"Limelight","9/23/2011","Magnolia Pictures","Documentary","?",  60335,  7580,  59806
451,"Crime after Crime","7/1/2011","Life Sentence Films m Tuckman Media","Documentary","?",  60291,  7574,  59759
452,"3","9/16/2011","Strand","Drama","?",  59774,  7509,  59246
453,"Jodaeiye Nader az Simin","12/30/2011","Sony Pictures Classics","Drama","PG-13",  59481,  7472,  58954
454,"The Whale","9/9/2011","Paladin","Documentary","G",  57986,  7285,  57479
455,"White Material","11/19/2010","IFC Films","Drama","?",  57692,  7248,  57187
456,"Finding Joe","9/30/2011","Balcony Releasing","Documentary","?",  55518,  6975,  55033
457,"Into Eternity","2/2/2011","International Film Circuit","Documentary","?",  55366,  6956,  54883
458,"The Other F Word","11/4/2011","Oscilloscope Pictures","Documentary","?",  53714,  6748,  53242
459,"Dirty Girl","10/7/2011","Weinstein Co.","Drama","R",  53630,  6737,  53155
460,"Farmageddon","6/17/2011","Kristin Marie Productions","Documentary","?",  53256,  6690,  52784
461,"For Colored Girls Who Have Considered Suicide When the Rainbow is Enuf","11/5/2010","Lionsgate","Drama","R",  52924,  6649,  52461
462,"!Women, Art, Revolution","6/1/2011","Zeitgeist","Documentary","?",  52681,  6618,  52216
463,"My Reincarnation","10/28/2011","Long Shot Factory","Documentary","?",  51742,  6500,  51285
464,"Jing mo fung wan: Chen Zhen","4/22/2011","Variance Films","Action","R",  50433,  6336,  49991
465,"In The Land of Blood and Honey","12/23/2011","FilmDistrict","Drama","R",  49142,  6174,  48713
466,"Orgasm Inc.","2/11/2011","First Run Features","Documentary","?",  49001,  6156,  48571
467,"The Perfect Host","7/1/2011","Magnolia Pictures","Thriller/Suspense","R",  48764,  6126,  48334
468,"Marwencol","10/8/2010","?","Documentary","?",  48744,  6124,  48318
469,"Putty Hill","2/18/2011","Cinema Guild","Drama","?",  48644,  6111,  48216
470,"Lebanon, PA","4/29/2011","Truly Indie","Drama","PG-13",  48381,  6078,  47955
471,"Dao Jian Xiao","3/18/2011","China Lion Film Distribution","Comedy","PG-13",  47897,  6017,  47474
472,"What If...","8/20/2010","Five & Two Pictures","?","PG",  47362,  5950,  46946
473,"Pianomania","5/27/2011","First Run Features","Documentary","?",  47328,  5946,  46914
474,"Margaret","9/30/2011","Fox Searchlight","Drama","R",  47185,  5928,  46772
475,"Alabama Moon","4/1/2011","Faulkner-McLean Entertainment","Adventure","PG",  47009,  5906,  46598
476,"Connected: An Autobiography about Love, Death & Technology","9/16/2011","Paladin","Documentary","?",  46782,  5877,  46370
477,"The Woodmans","1/19/2011","Lorber Films","Documentary","?",  46623,  5857,  46212
478,"The Tempest","12/10/2010","Miramax","Drama","PG-13",  46310,  5818,  45904
479,"Every Day","1/14/2011","Image Entertainment","Drama","R",  46029,  5783,  45628
480,"Tees Maar Khan","12/22/2010","UTV Communications","Comedy","?",  45764,  5749,  45360
481,"Rapt","7/6/2011","Lorber Films","Drama","?",  45759,  5749,  45360
482,"Texas Killing Fields","10/14/2011","Anchor Bay Entertainment","Thriller/Suspense","R",  45470,  5712,  45068
483,"Sykt lykkelig","9/16/2011","Magnolia Pictures","Drama","R",  45154,  5673,  44760
484,"Contracorriente","9/17/2010","The Film Collaborative","Drama","?",  44462,  5586,  44074
485,"Desert Flower","3/18/2011","National Geographic Entertainment","Drama","R",  44348,  5571,  43955
486,"Crazy Wisdom","11/25/2011","Alive Mind","Documentary","?",  43742,  5495,  43356
487,"Love Etc.","7/1/2011","?","Documentary","?",  43593,  5477,  43214
488,"Over Your Cities Grass Will Grow","8/10/2011","Alive Mind","Documentary","?",  43214,  5429,  42835
489,"Public Speaking","2/23/2011","Rialto Pictures","Documentary","?",  43184,  5425,  42803
490,"People v. The State of Illusion","9/9/2011","Self Distributed","Documentary","?",  42202,  5302,  41833
491,"Down for Life","1/14/2011","BD Fox Independent","Drama","?",  41914,  5266,  41549
492,"La conquête","11/11/2011","Music Box Films","Drama","?",  41130,  5167,  40768
493,"Choejongbyungki Hwal","10/14/2011","CJ Entertainment","Action","?",  40685,  5111,  40326
494,"Balada triste de trompeta","8/19/2011","Magnolia Pictures","Black Comedy","R",  40548,  5094,  40192
495,"CornerStore","8/12/2011","Shotown Pictures","Comedy","?",  40508,  5089,  40152
496,"Louder Than A Bomb","5/18/2011","Balcony Releasing","Documentary","?",  40362,  5071,  40010
497,"Road to Nowhere","6/10/2011","Monterey Media","Thriller/Suspense","R",  40294,  5062,  39939
498,"Baiyin diguo","6/3/2011","China Lion Film Distribution","Drama","?",  40052,  5032,  39702
499,"3 Backyards","3/11/2011","Screen Media Films","Drama","R",  39475,  4959,  39127
500,"Myth of the American Sleepover","7/22/2011","IFC Films","Drama","?",  39315,  4939,  38969
501,"We need to Talk About Kevin","12/9/2011","Oscilloscope Pictures","Drama","?",  39297,  4937,  38953
502,"O Estranho Caso de Angélica","12/31/2010","Cinema Guild","Drama","?",  38996,  4899,  38653
503,"When Harry Tries to Marry","4/22/2011","108 Pics","Romantic Comedy","PG-13",  38261,  4807,  37927
504,"Where Soldiers Come From","9/9/2011","International Film Circuit","Documentary","?",  38151,  4793,  37817
505,"11-11-11","11/11/2011","Rocket Releasing","Horror","R",  38100,  4786,  37762
506,"Le rayon vert","6/9/2011","The Film Desk","?","?",  37804,  4749,  37470
507,"En ganske snill mann","1/14/2011","Strand","Black Comedy","?",  37743,  4742,  37414
508,"Fireflies in the Garden","10/14/2011","?","Drama","?",  36884,  4634,  36562
509,"Granito: How to Nail a Dictator","9/14/2011","Skylight Pictures","Documentary","?",  36738,  4615,  36412
510,"Sleeping Beauty","12/2/2011","IFC Films","Drama","?",  36578,  4595,  36255
511,"Dogtooth","6/25/2010","Kino International","Drama","?",  36399,  4573,  36081
512,"Da Wu Sheng","9/9/2011","China Lion Film Distribution","Drama","?",  35986,  4521,  35671
513,"Hell and Back Again","10/5/2011","Docurama","Documentary","?",  34637,  4351,  34329
514,"Hereafter","10/15/2010","Warner Bros.","Thriller/Suspense","PG-13",  34355,  4316,  34053
515,"Love in Space","9/9/2011","China Lion Film Distribution","Romantic Comedy","PG",  33976,  4268,  33675
516,"Making the Boys","3/11/2011","First Run Features","Documentary","?",  33833,  4250,  33533
517,"Tamara Drewe","10/8/2010","Sony Pictures Classics","Comedy","R",  33752,  4240,  33454
518,"The Time That Remains","1/7/2011","IFC Films","Drama","?",  33226,  4174,  32933
519,"American Teacher","9/30/2011","First Run Features","Documentary","?",  33144,  4164,  32854
520,"Meet Monica Velour","4/8/2011","Anchor Bay Entertainment","Comedy","?",  33042,  4151,  32751
521,"Film Socialisme","6/3/2011","Lorber Films","Drama","?",  32977,  4143,  32688
522,"Octubre","5/6/2011","New Yorker","Comedy","?",  32127,  4036,  31844
523,"HEY, BOO: Harper Lee and To Kill a Mockingbird","5/13/2011","First Run Features","Documentary","?",  31135,  3911,  30858
524,"Small Town Murder Songs","5/27/2011","Monterey Media","Thriller/Suspense","R",  31133,  3911,  30858
525,"White Irish Drinkers","3/25/2011","IFC Films","Drama","R",  31056,  3902,  30787
526,"The Son of No One","11/4/2011","Anchor Bay Entertainment","Drama","R",  30680,  3854,  30408
527,"Outrage","12/2/2011","Magnolia Pictures","Drama","R",  30440,  3824,  30171
528,"Muran","9/30/2011","UTV Communications","?","?",  30116,  3783,  29848
529,"Cat Run","4/1/2011","Paladin","Comedy","?",  30100,  3781,  29832
530,"Redemption Road","8/26/2011","Freestyle Releasing","Drama","?",  29384,  3691,  29122
531,"Topp Twins Untouchable Girls","5/13/2011","Argot Pictures","Documentary","?",  29200,  3668,  28941
532,"Chasing Madoff","8/26/2011","Cohen Media Group","Documentary","?",  28850,  3624,  28593
533,"La belle endormie","7/8/2011","Strand","Drama","?",  28791,  3617,  28538
534,"Salvation Boulevard","7/15/2011","IFC Films","Comedy","R",  28468,  3576,  28215
535,"Marti, dupa craciun","5/25/2011","Lorber Films","Drama","?",  27813,  3494,  27568
536,"Khodorkovsky","11/30/2011","Kino Lorber","Documentary","?",  27718,  3482,  27473
537,"Animal Kingdom","8/13/2010","Sony Pictures Classics","Drama","R",  27622,  3470,  27378
538,"Bay Rong","3/11/2011","Variance Films","Action","R",  27052,  3398,  26810
539,"Enemies of the People","7/30/2010","International Film Circuit","Documentary","?",  26708,  3355,  26471
540,"Caesar & Otto's Summer Camp Massacre","9/16/2011","Nocturnal Features","Comedy","?",  25844,  3247,  25619
541,"Howl","9/24/2010","Oscilloscope Pictures","Drama","R",  25522,  3206,  25295
542,"Waiting for Forever","2/4/2011","Freestyle Releasing","Romantic Comedy","PG-13",  25517,  3206,  25295
543,"Cost of a Soul","5/20/2011","Relativity","Drama","R",  25365,  3187,  25145
544,"Bonnie & Clyde vs. Dracula","3/11/2011","Indican Pictures","Action","?",  25027,  3144,  24806
545,"Paul Goodman Changed My Life","10/19/2011","Zeitgeist","Documentary","?",  25020,  3143,  24798
546,"Harvest","5/6/2011","Monterey Media","Drama","R",  24657,  3098,  24443
547,"Immigration Tango","2/18/2011","Roadside Attractions","Comedy","R",  24554,  3085,  24341
548,"After","9/9/2011","?","Drama","R",  24545,  3084,  24333
549,"Vincent will Meer","6/24/2011","Corinth Films","Drama","?",  24377,  3062,  24159
550,"The Autobiography of Nicolae Ceausescu","9/9/2011","The Film Desk","Documentary","?",  24290,  3052,  24080
551,"Shut Up Little Man! An Audio Misadventure","8/26/2011","TriBeca Films","Documentary","?",  23901,  3003,  23694
552,"Stake Land","4/22/2011","IFC Films","Horror","R",  22970,  2886,  22771
553,"Nine Nation Animation","9/29/2010","The World According to Shorts","Multiple Genres","?",  22731,  2856,  22534
554,"Vanishing on Seventh Street","2/18/2011","Magnet Pictures","Thriller/Suspense","R",  22729,  2855,  22526
555,"The Other Woman","2/4/2011","IFC Films","Comedy","R",  22597,  2839,  22400
556,"Black Death","3/11/2011","Magnet Pictures","Horror","R",  22554,  2833,  22352
557,"Ceremony","4/8/2011","Magnolia Pictures","Romantic Comedy","R",  22270,  2798,  22076
558,"Bheja Fry 2","6/17/2011","?","Comedy","?",  22266,  2797,  22068
559,"All's Faire in Love","10/28/2011","Hannover House","Romantic Comedy","PG",  22180,  2786,  21982
560,"Jane's Journey","9/16/2011","First Run Features","Documentary","?",  22101,  2777,  21911
561,"Answers to Nothing","12/2/2011","Roadside Attractions","Drama","R",  22049,  2770,  21855
562,"Incendiary: The Willingham Case","9/23/2011","Truly Indie","Documentary","?",  21882,  2749,  21690
563,"The Arbor","4/29/2011","Strand","Documentary","?",  21610,  2715,  21421
564,"Monogamy","3/11/2011","Oscilloscope Pictures","Drama","?",  21527,  2704,  21335
565,"Night Catches Us","12/3/2010","Magnolia Pictures","Drama","R",  21271,  2672,  21082
566,"Rare Exports: A Christmas Tale","12/3/2010","Oscilloscope Pictures","Comedy","R",  20917,  2628,  20735
567,"Cameraman: The Life and Work of Jack Cardiff","5/13/2011","Strand","Documentary","?",  20840,  2618,  20656
568,"Griff the Invisible","8/19/2011","Indomina Releasing","Romantic Comedy","PG-13",  20778,  2610,  20593
569,"Bereavement","3/4/2011","?","Horror","R",  20744,  2606,  20561
570,"Resurrect Dead: The Mystery of the Toynbee Tiles","9/2/2011","Argot Pictures","Documentary","?",  20726,  2604,  20546
571,"Genesis Code","2/18/2011","?","Drama","PG",  20300,  2550,  20120
572,"Brotherhood","2/18/2011","Phase 4 Films","Thriller/Suspense","R",  19722,  2478,  19551
573,"Die Fremde","1/28/2011","Olive Films","Drama","?",  19631,  2466,  19457
574,"Skateland","5/13/2011","Freestyle Releasing","Drama","PG-13",  19412,  2439,  19244
575,"L'apollonide - souvenirs de la maison close","11/25/2011","IFC Films","Drama","?",  19327,  2428,  19157
576,"The Next Three Days","11/19/2010","Lionsgate","Thriller/Suspense","PG-13",  19303,  2425,  19133
577,"Client 9: The Rise and Fall of Eliot Spitzer","11/5/2010","Magnolia Pictures","Documentary","R",  18587,  2335,  18423
578,"You Will Meet a Tall Dark Stranger","9/22/2010","Sony Pictures Classics","Drama","R",  18230,  2290,  18068
579,"L'instinct de mort","8/27/2010","Music Box Films","Drama","R",  18218,  2289,  18060
580,"Cracks","3/18/2011","IFC Films","Drama","R",  18185,  2285,  18029
581,"Battle for Brooklyn","6/17/2011","Rooftop Films","Documentary","?",  17981,  2259,  17824
582,"5 Days of War","8/19/2011","Anchor Bay Entertainment","Drama","R",  17479,  2196,  17326
583,"Littlerock","8/12/2011","Variance Films","Drama","?",  17309,  2174,  17153
584,"Garbo: El espía","11/18/2011","First Run Features","Documentary","?",  17138,  2153,  16987
585,"InSight","9/2/2011","Check Entertainment Distribution","Thriller/Suspense","R",  17107,  2149,  16956
586,"Feed the Fish","4/23/2010","Strand","Romantic Comedy","?",  17085,  2146,  16932
587,"Mia et le Migou","3/25/2011","GKIDS","Adventure","PG",  16975,  2133,  16829
588,"Trespass","10/14/2011","Millenium Films","Thriller/Suspense","R",  16816,  2113,  16672
589,"The Little Traitor","10/16/2009","Westchester Films","Drama","?",  16284,  2046,  16143
590,"The Last Ride","10/21/2011","?","Drama","PG-13",  16270,  2044,  16127
591,"Tyrannosaur","11/18/2011","Strand","Drama","?",  15735,  1977,  15599
592,"Dumbstruck","4/15/2011","Truly Indie","Documentary","PG",  15378,  1932,  15243
593,"The Tenant","4/15/2011","Indican Pictures","Thriller/Suspense","?",  15003,  1885,  14873
594,"Ong Bak 3","1/14/2011","Magnet Pictures","Action","R",  14890,  1871,  14762
595,"Strange Powers: Stephin Merritt and the Magnetic Fields","10/29/2010","Variance Films","Documentary","?",  14567,  1830,  14439
596,"Armadillo","4/15/2011","Lorber Films","Documentary","?",  14566,  1830,  14439
597,"The Chaperone","2/18/2011","Samuel Goldwyn Films","Comedy","PG-13",  14400,  1809,  14273
598,"Guy and Madeline on a Park Bench","11/5/2010","Variance Films","Musical","?",  14284,  1794,  14155
599,"Sahib Biwi Aur Gangster","9/30/2011","UTV Communications","?","?",  14231,  1788,  14107
600,"Sympathy for Delicious","4/29/2011","Maya Releasing","Comedy","R",  13826,  1737,  13705
601,"William S. Burroughs: A Man Within","11/19/2010","Oscilloscope Pictures","Documentary","?",  13772,  1730,  13650
602,"Benda Bilili!","9/30/2011","National Geographic Entertainment","Documentary","PG-13",  13420,  1686,  13303
603,"Beautiful Darling","4/22/2011","Corinth Films","Documentary","?",  13400,  1683,  13279
604,"Charlotte Rampling: The Look","11/4/2011","Kino Lorber","Documentary","?",  13171,  1655,  13058
605,"L'ennemi public n°1","9/3/2010","Music Box Films","Drama","R",  13134,  1650,  13019
606,"Under the Boardwalk: The MONOPOLY Story","3/4/2011","Self Distributed","Documentary","G",  13080,  1643,  12963
607,"The Town","9/17/2010","Warner Bros.","Drama","R",  13027,  1637,  12916
608,"OKA!","10/14/2011","Dada Films","Adventure","?",  12999,  1633,  12884
609,"Bloodworth","5/20/2011","Samuel Goldwyn Films","Drama","R",  12971,  1630,  12861
610,"I'm Not Jesus Mommy","5/6/2011","FilmDemic","Thriller/Suspense","R",  12620,  1585,  12506
611,"Año Bisiesto","6/24/2011","Strand","Drama","?",  12561,  1578,  12450
612,"Nenette","12/22/2010","Kino International","Documentary","?",  12559,  1578,  12450
613,"America the Beautiful II: The Thin Commandments","10/12/2011","?","Documentary","?",  12366,  1554,  12261
614,"Rebirth","8/31/2011","Oscilloscope Pictures","Documentary","?",  12358,  1553,  12253
615,"Back Door Channels: The Price of Peace","9/16/2011","Fisher Klingenstein Films","Documentary","?",  12139,  1525,  12032
616,"Eu cand vreau sa fluier, fluier","1/5/2011","Film Movement","Drama","?",  12135,  1524,  12024
617,"Elektra Luxx","3/11/2011","Samuel Goldwyn Films","Comedy","R",  11514,  1446,  11409
618,"Peep World","3/25/2011","IFC Films","Comedy","R",  11238,  1412,  11141
619,"Partir","10/1/2010","IFC Films","Drama","?",  10977,  1379,  10880
620,"Sarah Palin: You Betcha!","9/30/2011","Freestyle Releasing","Documentary","?",  10935,  1374,  10841
621,"Matrimonio all'italiana","9/23/2011","Kino Classics","Comedy","?",  10600,  1332,  10509
622,"The Cremaster Cycle","4/9/2010","International Film Circuit","Drama","?",  10573,  1328,  10478
623,"London Boulevard","11/11/2011","IFC Films","Drama","R",  10484,  1317,  10391
624,"Zero Bridge","2/16/2011","The Film Desk","Drama","?",  10357,  1301,  10265
625,"A Bird of the Air","9/23/2011","Paladin","Romantic Comedy","?",  10152,  1275,  10060
626,"Carlos","10/15/2010","IFC Films","Drama","?",  10000,  1256,  9910
627,"Un homme qui crie","4/13/2011","Film Movement","Drama","?",  9862,  1239,  9776
628,"Cook County","12/16/2011","Hannover House","Drama","?",  9727,  1222,  9642
629,"Die Frau mit den 5 Elefanten","7/20/2011","Cinema Guild","Documentary","?",  9256,  1163,  9176
630,"Vito Bonafacci","5/6/2011","CAVU Releasing","Drama","?",  9217,  1158,  9137
631,"Another Happy Day","11/18/2011","Phase 4 Films","Drama","R",  9120,  1146,  9042
632,"Shanghai Red","1/1/2010","Indican Pictures","Thriller/Suspense","?",  8904,  1119,  8829
633,"Sans queue ni tete","8/26/2011","First Run Features","Drama","?",  8856,  1113,  8782
634,"Kak ya provyol etim letom","2/4/2011","Film Movement","Drama","?",  8733,  1097,  8655
635,"Je suis heureux que ma mere soit vivante","9/2/2011","Strand","Drama","?",  8705,  1094,  8632
636,"Korkoro","3/25/2011","Lorber Films","Drama","?",  8242,  1035,  8166
637,"The Heir Apparent: Largo Winch","11/18/2011","Music Box Films","Action","?",  8019,  1007,  7945
638,"Rid of Me","11/18/2011","Phase 4 Films","Black Comedy","?",  8015,  1007,  7945
639,"Certifiably Jonathan","2/11/2011","?","Comedy","?",  7826,  983,  7756
640,"The Ward","7/8/2011","Cinedigm","Horror","R",  7760,  975,  7693
641,"Inception","7/16/2010","Warner Bros.","Thriller/Suspense","PG-13",  7344,  923,  7282
642,"The Ledge","7/8/2011","IFC Films","Drama","R",  7140,  897,  7077
643,"Good Neighbors","7/29/2011","Magnolia Pictures","Thriller/Suspense","R",  7072,  888,  7006
644,"Boxing Gym","10/22/2010","Zipporah","Documentary","?",  6898,  867,  6841
645,"Ma part du gateau","12/9/2011","IFC Films","Drama","?",  6850,  861,  6793
646,"Janie Jones","10/28/2011","TriBeca Films","Comedy","?",  6840,  859,  6778
647,"The Trouble with Terkel","10/15/2010","Indican Pictures","Adventure","?",  6584,  827,  6525
648,"Addiction Incorporated","12/14/2011","Variance Films","Documentary","PG-13",  6442,  809,  6383
649,"That's What I Am","4/29/2011","Samuel Goldwyn Films","Drama","PG",  6400,  804,  6344
650,"I Melt with You","12/9/2011","Magnolia Pictures","Drama","R",  6361,  799,  6304
651,"Chillar Party","7/8/2011","UTV Communications","Comedy","?",  6330,  795,  6273
652,"Florent: Queen of the Meat Market","5/20/2011","Self Distributed","Documentary","?",  6282,  789,  6225
653,"The Family Tree","8/26/2011","?","Black Comedy","R",  6035,  758,  5981
654,"Saint Misbehavin': The Wavy Gravy Movie","12/3/2010","Argot Pictures","Documentary","?",  6007,  755,  5957
655,"Miss Minoes","12/23/2011","Music Box Films","Adventure","PG",  5947,  747,  5894
656,"Alamar","7/14/2010","Film Movement","Drama","?",  5905,  742,  5854
657,"Rabia","1/28/2011","Strand","Thriller/Suspense","?",  5594,  703,  5547
658,"Elevate","10/21/2011","Variance Films","Documentary","PG",  5580,  701,  5531
659,"Aurora","6/29/2011","Cinema Guild","Drama","?",  5558,  698,  5507
660,"My Joy","9/30/2011","Kino Lorber","Drama","?",  5457,  686,  5413
661,"Sons of Perdition","2/18/2011","?","Documentary","R",  5401,  679,  5357
662,"Genius Within: The Inner Life of Glenn Gould","9/10/2010","Lorber Films","Documentary","?",  5386,  677,  5342
663,"The Worst Movie EVER!","8/19/2011","Hiltz Squared","Comedy","?",  5303,  666,  5255
664,"Wrecked","4/1/2011","IFC Films","Thriller/Suspense","R",  5255,  660,  5207
665,"Tanner Hall","9/9/2011","Anchor Bay Entertainment","Drama","R",  5073,  637,  5026
666,"Cosa Voglio Di Piu","12/3/2010","Film Movement","Drama","?",  5037,  633,  4994
667,"Grease","6/16/1978","Paramount Pictures","Musical","PG",  4907,  616,  4860
668,"The Imperialists Are Still Alive!","4/15/2011","IFC Films","Drama","?",  4781,  601,  4742
669,"Scheherazade, Tell Me a Story","2/25/2011","ArtMattan Productions","Drama","?",  4726,  594,  4687
670,"Shoah","12/10/2010","IFC Films","Documentary","?",  4533,  569,  4489
671,"Fancypants","9/30/2011","Humble Pie Films","Comedy","?",  4227,  531,  4190
672,"Daylight","7/15/2011","Cinema Purgatorio","Thriller/Suspense","?",  4171,  524,  4134
673,"Kyatapira","5/6/2011","Lorber Films","Drama","?",  4157,  522,  4119
674,"To Die Like a Man","4/8/2011","Strand","Musical","?",  4029,  506,  3992
675,"Building Hope","6/3/2011","The Nobility Project","Documentary","?",  4000,  503,  3969
676,"Ranchero","7/15/2011","Indican Pictures","Drama","?",  3826,  481,  3795
677,"Zenith","10/1/2010","Cinema Purgatorio","Thriller/Suspense","?",  3801,  478,  3771
678,"The Harvest/La Cosecha","7/29/2011","Cinema Libre","Documentary","?",  3709,  466,  3677
679,"Passion Play","5/6/2011","Image Entertainment","Drama","R",  3669,  461,  3637
680,"Raymond Did It","2/11/2011","Plastic Age Productions","Horror","?",  3632,  456,  3598
681,"The Sons of Tenessee Williams","10/7/2011","First Run Features","Documentary","?",  3242,  407,  3211
682,"Plastic Planet","1/14/2011","First Run Features","Documentary","?",  3164,  397,  3132
683,"Balls to the Wall","10/21/2011","Midwest Movies","Comedy","R",  3140,  394,  3109
684,"The Weird World of Blowfly","9/16/2011","Variance Films","Documentary","?",  3062,  385,  3038
685,"Corman's World: Exploits of a Hollywood Rebel","12/16/2011","Anchor Bay Entertainment","Documentary","R",  3050,  383,  3022
686,"Protektor","8/5/2011","Film Movement","Documentary","?",  2968,  373,  2943
687,"Red Hill","11/5/2010","Sony Pictures","Thriller/Suspense","R",  2863,  360,  2840
688,"Zokkomon","4/22/2011","Walt Disney Pictures","Adventure","PG",  2815,  354,  2793
689,"Blood Ties","2/11/2011","Afterlight Pictures","Action","?",  2761,  347,  2738
690,"Forks Over Knives","5/6/2011","Monica Beach Media","Documentary","PG",  2700,  339,  2675
691,"Restitution","10/21/2011","Monterey Media","Thriller/Suspense","R",  2664,  335,  2643
692,"Jitsuroku rengo sekigun: Asama sanso e no michi","5/27/2011","Lorber Films","Drama","?",  2659,  334,  2635
693,"Det rode kapel","12/29/2010","Lorber Films","Documentary","?",  2657,  334,  2635
694,"Brutal Beauty: Tales of the Rose City Rollers","1/8/2010","Cinema Purgatorio","Documentary","?",  2647,  333,  2627
695,"Knuckle","12/9/2011","ARC Entertainment","Documentary","R",  2647,  333,  2627
696,"Main Street","9/9/2011","Magnolia Pictures","Drama","PG",  2560,  322,  2541
697,"Flickan som lekte med elden","12/25/2009","Music Box Films","Thriller/Suspense","R",  2547,  320,  2525
698,"About Fifty","11/11/2011","?","?","R",  2500,  314,  2477
699,"Fading of the Cries","7/8/2011","Eammon Films","Multiple Genres","R",  2300,  289,  2280
700,"The Catechism Cataclysm","10/19/2011","IFC Midnight","Comedy","?",  2270,  285,  2249
701,"Raw Faith","6/24/2011","Alive Mind","Documentary","?",  2167,  272,  2146
702,"Medianeras","10/26/2011","IFC Films","Drama","?",  2140,  269,  2122
703,"The Taqwacores","10/22/2010","Strand","Drama","?",  2098,  264,  2083
704,"Män som hatar kvinnor","3/19/2010","Alliance","Thriller/Suspense","R",  2075,  261,  2059
705,"To Die is Hard","12/17/2010","Driving With Our Eyes Shut","Comedy","?",  1938,  243,  1917
706,"American Grindhouse","6/18/2010","Lorber Films","Documentary","?",  1931,  243,  1917
707,"Love, Wedding, Marriage","6/3/2011","IFC Films","Comedy","PG-13",  1925,  242,  1909
708,"36 vues du Pic Saint Loup","7/9/2010","Cinema Guild","Comedy","?",  1839,  231,  1823
709,"Now & Later","2/18/2011","Cinema Libre","Drama","?",  1808,  227,  1791
710,"Chalet Girl","10/14/2011","IFC Films","Romantic Comedy","?",  1610,  202,  1594
711,"Burke & Hare","9/9/2011","IFC Films","Black Comedy","?",  1587,  199,  1570
712,"Violet Tendencies","11/5/2010","Embrem Entertainment","Comedy","?",  1442,  181,  1428
713,"La Pivellina","9/1/2011","First Run Features","Drama","?",  1350,  170,  1341
714,"Flypaper","8/19/2011","IFC Films","Comedy","?",  1232,  155,  1223
715,"Henri-Georges Clouzot's Inferno","7/16/2010","?","Documentary","?",  1161,  146,  1152
716,"Illegal","3/25/2011","Film Movement","Drama","?",  651,  82,  647
717,"Rosencrantz and Guildenstein are Undead","6/4/2010","Indican Pictures","Comedy","?",  444,  56,  442
718,"Angels Crest","12/30/2011","Magnolia Pictures","Drama","R",  407,  51,  402
719,"Hadewijch","12/24/2010","IFC Films","Drama","?",  403,  51,  402
720,"Picture Me: A Model's Diary","9/17/2010","?","Documentary","?",  160,  20,  158
